,user
0,1
1,2
2,3
3,4
4,5
5,6
6,7
7,8
8,9
9,10
10,11
11,12
12,13
13,14
14,15
15,16
16,18
17,19
18,20
19,21
20,22
21,23
22,24
23,25
24,26
25,27
26,28
27,30
28,31
29,32
30,33
31,34
32,35
33,36
34,37
35,38
36,40
37,41
38,42
39,43
40,44
41,45
42,46
43,47
44,48
45,49
46,50
47,51
48,52
49,53
50,54
51,55
52,56
53,57
54,58
55,59
56,60
57,61
58,62
59,63
60,64
61,65
62,66
63,67
64,68
65,69
66,70
67,71
68,72
69,73
70,74
71,75
72,76
73,77
74,78
75,79
76,80
77,81
78,82
79,83
80,84
81,85
82,86
83,87
84,88
85,90
86,91
87,92
88,94
89,95
90,96
91,98
92,99
93,100
94,101
95,102
96,103
97,104
98,105
99,106
100,107
101,108
102,109
103,110
104,111
105,112
106,113
107,114
108,115
109,116
110,117
111,118
112,119
113,120
114,121
115,122
116,123
117,124
118,125
119,126
120,127
121,128
122,129
123,130
124,131
125,132
126,133
127,134
128,135
129,136
130,137
131,138
132,139
133,140
134,141
135,142
136,143
137,144
138,146
139,147
140,149
141,150
142,151
143,152
144,153
145,154
146,155
147,156
148,157
149,158
150,159
151,160
152,161
153,162
154,163
155,164
156,165
157,166
158,167
159,168
160,170
161,171
162,172
163,173
164,175
165,176
166,177
167,178
168,179
169,180
170,182
171,183
172,184
173,185
174,186
175,187
176,188
177,189
178,190
179,192
180,193
181,194
182,195
183,196
184,197
185,198
186,199
187,200
188,201
189,202
190,203
191,204
192,205
193,206
194,207
195,208
196,209
197,210
198,211
199,212
200,213
201,214
202,215
203,216
204,217
205,218
206,219
207,220
208,221
209,222
210,223
211,224
212,225
213,226
214,227
215,228
216,229
217,230
218,231
219,232
220,233
221,234
222,235
223,236
224,237
225,238
226,239
227,240
228,241
229,242
230,243
231,244
232,245
233,246
234,247
235,248
236,250
237,251
238,252
239,253
240,254
241,255
242,256
243,257
244,258
245,259
246,260
247,261
248,262
249,263
250,264
251,265
252,266
253,267
254,268
255,269
256,270
257,271
258,272
259,273
260,274
261,275
262,276
263,277
264,278
265,279
266,280
267,281
268,282
269,283
270,284
271,285
272,286
273,287
274,288
275,289
276,290
277,291
278,292
279,293
280,294
281,295
282,296
283,297
284,298
285,299
286,300
287,301
288,302
289,303
290,304
291,305
292,306
293,307
294,308
295,309
296,310
297,311
298,312
299,313
300,315
301,316
302,317
303,318
304,319
305,320
306,321
307,322
308,323
309,324
310,325
311,327
312,328
313,329
314,330
315,331
316,333
317,334
318,335
319,336
320,338
321,340
322,341
323,342
324,343
325,344
326,345
327,346
328,347
329,349
330,350
331,351
332,352
333,353
334,354
335,355
336,356
337,357
338,358
339,359
340,360
341,363
342,364
343,365
344,366
345,367
346,368
347,369
348,370
349,371
350,372
351,373
352,374
353,375
354,376
355,377
356,378
357,379
358,380
359,381
360,382
361,383
362,384
363,385
364,386
365,387
366,389
367,390
368,391
369,392
370,393
371,394
372,395
373,396
374,397
375,398
376,399
377,400
378,401
379,402
380,403
381,404
382,405
383,407
384,408
385,409
386,410
387,411
388,412
389,413
390,414
391,415
392,416
393,417
394,418
395,419
396,420
397,421
398,422
399,423
400,424
401,425
402,426
403,427
404,428
405,429
406,430
407,431
408,432
409,433
410,434
411,435
412,436
413,437
414,438
415,439
416,440
417,441
418,442
419,443
420,444
421,445
422,446
423,447
424,448
425,449
426,450
427,451
428,452
429,453
430,454
431,455
432,457
433,459
434,460
435,461
436,462
437,463
438,464
439,465
440,466
441,467
442,468
443,469
444,470
445,471
446,472
447,473
448,474
449,475
450,476
451,477
452,478
453,479
454,480
455,481
456,483
457,484
458,485
459,486
460,487
461,488
462,489
463,490
464,491
465,492
466,493
467,494
468,495
469,496
470,497
471,498
472,499
473,500
