user_id,contents_code,watch_seconds
1,10607,56
1,1012201,1069
1,82690,1643
1,810271,3872
1,146233,2910
1,6844,491
1,916224,4055
1,829557,4351
1,80321,2469
1,238,3469
1,561,4484
1,402900,5052
1,495764,3934
1,218,994
1,1061855,1816
1,1061855,2246
1,497,6034
2,916224,4683
2,80278,307
2,1003581,6039
2,329865,3476
2,510,6269
2,840326,1910
2,810171,5819
2,1001835,3914
2,1064835,5331
2,451048,2543
3,684684,5886
4,840326,3379
4,10198,3945
4,810693,4641
4,122917,1329
4,78,5131
4,9352,723
4,109445,5440
4,810,4759
4,850165,2040
4,298618,6395
5,205587,3263
5,16859,3297
5,447365,1888
5,852436,3216
5,697843,1144
5,950,6485
5,7485,1470
5,624860,4390
5,315162,4403
6,522627,2820
6,335,1639
6,1128606,4714
6,1227136,6395
6,324857,5022
6,1422,4715
6,10693,7
6,353081,3014
6,39108,5707
6,10693,4276
6,997391,3016
6,89,6692
6,561,228
6,10693,5655
7,53182,1185
7,1230393,1314
7,507086,2469
7,95,1337
7,10198,2098
7,401200,6559
7,693134,2416
7,8358,5098
7,467407,6925
7,673,5909
7,4977,5965
7,22,3097
7,563,3243
7,1003581,409
7,808,187
7,10184,1232
7,1145291,3537
7,506517,873
7,11688,1364
8,299537,6009
8,1014590,2455
8,12445,1542
8,534,6559
8,871,1647
9,32657,5411
9,615,4173
10,4232,2371
10,257344,3579
10,389,1728
10,1232289,6937
10,857,1907
10,674,836
10,9714,4860
10,278154,2689
10,296096,5649
10,1133602,5871
10,10998,5500
10,988078,78
10,1174725,5688
10,111,6179
11,447332,1809
11,539,3071
11,447332,2398
11,980137,1298
12,663712,3191
12,293660,6231
12,940721,2863
12,8966,141
12,1206029,2132
12,68726,3262
12,324552,2292
12,181533,390
12,281957,2900
12,24,6030
12,278,4969
12,11360,5744
13,395992,955
13,244786,4322
13,893712,568
13,399579,5165
13,497,4338
13,930564,2332
13,337339,7116
13,673593,4972
13,138843,5854
13,875104,4515
13,1074049,2568
13,1046032,4607
13,715931,1413
13,10138,1885
13,9502,4177
13,10681,5217
13,361743,1748
14,345940,3332
14,335797,6743
14,893712,2194
14,20352,479
15,1058694,6649
15,1032664,330
15,429,5688
15,842675,4893
15,80321,3720
15,626412,2293
15,948,4426
15,111,1006
16,1133602,36
16,285,4225
16,615777,5420
16,91314,5908
16,11,7131
16,1015908,5662
16,966220,721
18,458156,6775
18,603661,6135
18,569094,1771
18,1071215,2259
19,13475,4450
19,8363,6847
19,1217343,2247
19,337404,5237
19,263472,4529
19,594,1493
19,4951,1060
19,792307,6487
19,114,6863
19,906126,5710
19,296096,254
20,810271,7025
20,82702,2092
20,290098,5721
20,497,4424
20,20352,1990
20,1014209,603
20,372058,27
20,1230085,2303
20,980489,6507
20,698508,6487
20,348,1684
20,98,3764
20,866398,5091
20,507089,5409
20,1231942,3621
20,863851,3030
20,438695,5939
20,274855,1475
20,840326,4924
20,1061181,3465
21,291805,6558
21,901362,5523
21,940551,4120
21,900667,5576
21,105,1594
21,2105,3657
21,438695,1607
21,459151,5402
21,244786,3091
21,128,2445
22,9373,2804
22,1008042,5298
22,10882,4551
23,400160,3226
23,1230393,5260
23,871,5942
23,536554,5418
23,862557,1624
23,630,4458
23,715931,599
23,99861,1329
23,715931,4952
23,283995,2496
23,206487,448
24,666277,1483
25,9373,6623
25,10193,6024
25,500664,3130
25,281338,6044
25,585083,5217
25,128,2947
25,64688,1578
25,245891,1906
25,948713,6918
25,1724,5750
25,997391,2341
25,48650,3558
25,920,5017
25,901362,5176
25,545611,7067
26,1163045,3188
26,345887,980
26,1115749,2593
26,44896,6962
26,620705,5615
26,400160,2687
27,13,120
27,994108,7183
27,449443,5863
27,155,3180
27,1163045,1159
27,569094,6711
27,539,4285
27,387824,6723
27,838240,7005
27,724495,270
27,14836,1772
27,414906,1367
28,1152797,3246
28,848326,3615
28,360920,2822
28,335,3938
30,588228,2377
30,14160,6043
30,1020006,1153
30,994108,6620
30,1230085,2690
30,862557,2484
30,16859,2680
30,14,5646
30,6844,70
31,436270,3331
31,464052,4064
31,680,1402
31,807,2310
31,958263,4755
31,399566,5807
31,961323,3157
31,98566,6067
31,337167,4329
31,1924,2214
31,136799,509
31,718930,3359
31,339964,2986
32,928833,253
32,949567,6102
32,400160,743
32,337404,6087
32,16859,6903
32,324552,3842
32,804150,6076
32,13475,908
32,673593,1108
32,10020,2591
33,99861,3235
33,72331,4069
33,18239,1581
33,1075794,192
33,569367,1067
33,343611,2185
33,693134,6671
33,1015908,2717
33,635302,872
33,19995,928
33,534,7182
33,1422,4408
33,146233,2321
34,807,3455
34,976893,3838
34,447362,3993
34,1139829,2576
34,101,2551
34,976573,4258
35,78,2960
35,98,1928
35,1046032,1644
35,663712,1584
35,353081,1007
35,14,767
35,1924,4328
35,262500,5893
35,242,2634
35,293167,5755
35,678512,4274
35,1217343,6972
35,265712,907
35,89,292
35,665,4942
36,667538,4034
36,324857,879
36,957314,3880
36,804150,3109
36,106646,5158
36,262500,1311
36,77338,5168
36,106,3667
36,361743,6858
36,296096,3736
36,673593,5909
36,466272,6181
36,510,820
36,57158,1385
36,679,3687
36,715931,3529
36,614934,1050
36,242,479
36,667,4341
37,82023,1406
37,181808,5841
37,146233,460
37,769,4033
37,119450,3006
37,856289,5517
37,118,4865
37,502356,2762
37,12444,1649
37,353081,5477
37,1231953,768
37,447362,6588
37,1022659,6653
37,597,5537
37,44833,4746
38,770,366
38,945729,1357
38,693134,5643
38,840326,3013
38,12153,3421
38,269149,318
38,1231953,6703
38,818647,3828
38,520763,3542
38,1265,2341
38,121,4949
38,9732,3626
38,1156255,6724
38,395992,835
38,346698,4445
38,58,2816
38,115543,4752
38,36419,3364
40,845643,604
40,851644,5809
40,122,639
40,926393,3390
40,634649,1493
40,265712,3648
40,545609,1298
40,263115,3839
40,1083862,2252
40,497698,1038
41,888001,3905
41,614479,6285
41,8587,7022
41,39254,5374
41,271110,2769
41,539,3987
41,715931,1262
41,4348,2641
41,1579,7026
41,943134,6803
41,82690,5509
41,642885,2341
41,948,6082
42,1366,1440
42,406990,4904
42,876792,2331
42,372058,4896
42,50546,241
42,539,1781
42,1579,2659
42,14128,923
42,13183,5605
43,1189927,4397
43,1865,4303
43,10999,5896
44,24,6582
44,1726,2112
44,961268,6072
44,232672,2821
44,940551,5637
44,414906,5184
44,278,1644
44,675,4949
44,807,5962
44,1230393,1817
44,937746,652
44,14574,1819
44,396535,300
44,111,3436
44,872585,4801
44,118249,5956
45,438148,58
45,671,4255
45,375794,6860
45,467244,3513
45,336843,1864
45,13183,3461
45,1230393,4869
45,610150,4974
45,120,3643
46,675,3731
46,940721,6860
46,744,3204
46,566525,712
46,12,488
46,8392,4020
46,621,3196
46,297,5098
46,420818,5552
46,614934,243
46,487047,4941
46,634649,1010
46,245891,2856
46,101299,959
47,8587,5518
47,572802,5047
47,351286,1210
47,39108,2664
47,335977,5968
47,271110,2020
47,1217343,507
47,127585,5800
47,672,4792
47,343668,154
47,792307,2639
47,423108,4426
48,697843,6081
48,359724,1491
48,585511,1673
48,575264,2961
48,841,5175
48,865368,1216
48,569094,1098
48,1040148,871
48,99861,4571
48,12429,5361
48,530915,534
48,480530,2677
48,346698,372
48,997391,2707
48,8871,4882
48,11224,2438
48,753453,317
48,11619,1529
48,770,138
49,210577,4471
49,254,5374
49,10681,462
49,284054,6905
49,966220,5349
49,715931,6207
49,1012201,5655
49,558915,6043
49,949,6306
49,111,5052
49,767,5902
49,427641,1732
50,118,5772
50,150540,4816
50,312221,3343
50,1076487,3954
50,752623,4448
50,986070,3455
50,271110,554
50,343668,4267
50,1265,614
50,9928,3509
50,891699,1215
50,975043,66
50,312221,1688
50,39108,1882
50,49026,4487
50,476669,1227
50,9732,3038
51,101,3697
51,960876,3815
51,438695,3116
51,11836,6345
51,24238,1798
51,293167,5570
51,791373,6467
51,1015908,5524
51,1139829,5848
51,764,6729
51,605886,1020
51,127585,1364
51,284054,4598
51,568124,5490
51,575264,4407
51,500664,1619
51,770,3773
51,205596,5636
51,802219,4105
52,343668,1836
52,1231942,5156
53,20352,1828
53,324552,2391
53,49046,4037
53,13313,1542
53,621,6791
53,114,2167
53,9806,1545
53,122,3354
53,862,568
53,240,2547
54,10999,7044
54,80321,494
54,744275,2999
54,290098,3857
54,976573,7025
54,9732,6724
54,13,759
55,9502,2418
55,122917,4820
55,766507,6740
55,615457,3974
55,1495,4552
55,1076364,271
56,197,3276
56,948713,4237
56,927107,4641
56,614479,6994
56,135397,6007
56,508883,5616
56,1143190,2037
56,13,7122
56,4232,5677
56,844416,3518
56,290098,6175
56,1061855,4174
57,666277,3857
57,693134,5621
57,298618,2909
57,964592,4634
57,101299,1445
57,265712,6946
57,744275,3042
57,9769,6304
57,804150,1458
57,82702,2039
57,851644,33
57,557,539
57,128,2671
57,99861,6069
57,558144,5246
57,112160,2206
58,1930,5999
58,530915,1002
58,948,890
58,177572,2555
58,675,1423
58,912908,6473
58,961323,2052
58,11,5857
58,1015908,111
58,11688,405
58,383498,4871
58,9552,5394
58,679,2327
58,1701,3703
58,961323,170
58,12155,1874
58,10674,201
58,810693,5048
59,402900,2248
59,11688,3644
59,49046,6880
59,539,4269
59,118249,6101
59,387824,3442
59,943397,6961
59,637649,4834
59,3933,897
59,620705,4550
59,61979,2042
59,210577,697
59,851644,1721
59,76341,3006
59,652,3979
60,943397,3113
60,438148,4774
60,269149,4529
60,508947,753
60,61791,3503
60,315635,1770
60,348,1664
60,238,5289
60,1157049,2358
60,536554,3841
60,400535,1032
60,127585,3329
60,12092,1638
60,466420,1983
60,980285,3079
60,4247,3452
60,268896,4300
61,1027073,5535
61,568124,547
61,667520,3091
61,157336,4515
61,73723,4735
61,447332,1638
61,585511,6230
61,516486,1992
61,339846,1792
62,615457,6237
62,10144,5319
63,594767,1894
63,406990,2835
63,496450,1496
63,1118033,3313
63,652,1571
63,274855,1824
63,502356,1594
63,1369,2863
63,19995,656
63,916605,6858
63,449443,2137
63,4488,2216
63,447362,3220
63,634649,2235
63,283366,5593
63,337404,2091
64,438631,5871
64,764,6234
64,10527,1334
64,646389,995
64,554596,2447
64,401981,1389
64,779782,811
64,574089,7168
64,166426,1618
64,620705,7045
64,1369,5583
64,496450,4929
64,603,5781
64,348,1139
64,13,5269
64,20352,4952
64,453395,1906
64,6844,3603
64,640,2905
65,575322,5142
65,467244,7179
65,385687,711
65,138843,6867
65,2109,2584
65,506517,3162
65,7305,4138
66,57158,5539
66,1034062,2728
66,820232,7088
66,493922,628
66,698438,7151
66,955659,400
66,457232,2164
66,9539,5012
66,568124,4970
67,628866,4383
67,1014590,5761
68,156022,3723
68,1212073,4094
68,12437,3090
68,4935,488
68,2322,1088
69,1267,3860
69,312221,6860
69,4935,5929
69,810271,5189
69,420818,6397
69,949,3933
69,724495,136
69,1058694,5299
69,128,3749
69,868759,1782
69,291805,312
69,85,4243
69,4951,3078
69,574089,6411
69,11,4514
69,605886,3187
69,177572,4020
70,1070514,2527
70,968868,4589
70,732459,516
70,574074,883
70,281957,1270
70,966220,1701
70,510,5760
70,458156,6670
71,173129,6369
71,744275,5285
71,603692,5583
71,1083862,3436
71,615656,374
71,1954,446
71,539,5118
71,635302,769
71,550988,2632
71,496243,7038
72,264660,1687
72,240,4865
72,228150,2963
73,585,1012
73,278,2618
73,429,1567
73,466420,4536
73,510,328
73,146233,5312
73,10020,2696
74,62,6648
74,926393,2118
74,140607,6206
74,545611,7025
75,419743,6120
75,11619,3035
75,767,5511
75,120,6094
75,301528,2644
75,273481,2335
75,260514,3843
75,120,2977
75,12155,1094
75,454626,4089
76,11360,4474
76,614479,737
76,166428,7176
76,975043,2633
76,429,1301
76,615777,3532
76,58,934
76,127585,3598
77,667,4127
78,943397,6814
78,49026,418
78,792307,6020
78,804095,4182
78,580489,472
78,510,5677
78,1014590,1447
78,872585,1652
78,530385,1018
78,293660,4850
78,823482,6629
78,278,5966
78,296096,3575
78,1012201,4355
78,1422,1830
78,68735,2725
78,12444,1188
78,792307,4963
79,210577,6271
79,324786,5017
79,119450,4516
79,284053,6469
79,537915,2506
79,205596,5666
79,527774,1227
79,818397,2180
79,585,1133
79,496243,1167
80,464052,6701
80,198184,4069
80,24428,3863
80,11,766
80,290271,647
80,1118033,735
80,758009,2324
80,459151,2974
80,291805,861
80,603692,4210
80,508947,722
80,1237835,4864
80,75780,3590
80,106646,4709
80,10882,5107
80,530385,1616
80,348,2454
80,268896,6690
80,982940,4028
80,119450,5604
81,7485,2155
81,429,496
81,44896,2624
81,506517,6095
81,537915,2680
81,32657,6241
81,562,6383
81,68721,2585
81,480530,14
82,603661,1384
82,634649,935
82,350,1906
82,1930,1127
82,298618,5249
82,1422,1838
82,51828,2878
82,38365,4434
82,137113,6031
82,508442,3599
82,10191,2080
82,315162,5409
82,876792,665
82,284053,396
82,872585,3069
82,51828,3586
82,598387,1283
82,299576,3687
82,206487,518
83,98,2052
83,673,4939
83,299534,5309
83,87428,4323
83,718789,3094
83,630586,4625
83,766507,1368
83,679,4445
83,106646,851
83,240,5868
83,447365,4486
83,10693,5990
83,438631,2675
83,278,874
83,1012201,4387
83,4232,37
84,39323,4636
84,10555,3125
84,36647,3491
84,337404,6975
84,447365,2525
84,676547,4198
84,150689,1679
84,429,3813
84,1014209,4479
84,38,5849
84,676547,6983
84,539681,6817
84,9487,5195
84,12437,2530
84,8358,5259
84,4951,275
84,980137,5028
84,337404,7149
85,335,4826
85,1093485,2364
85,613504,6777
85,100042,3707
85,24428,5781
85,346672,1945
85,13475,1500
85,496450,4474
85,744275,2562
85,940721,20
85,273481,6967
85,330457,3896
85,630,5824
85,1059345,1301
86,1015908,3582
86,755437,6281
86,480530,287
86,975902,3086
86,399566,2272
86,26123,6662
86,927107,4289
86,32657,1761
86,12445,3948
86,526896,1214
86,135397,4803
86,957314,2789
87,1060090,4377
87,278,952
87,568124,3415
87,93456,1166
87,10144,6892
87,6479,1608
87,1058694,3218
87,585,5756
88,1230393,510
88,238,3733
88,1171541,1438
88,12429,4631
88,629542,3995
88,679,5073
88,1271,2483
88,354912,6456
88,1034062,1303
88,856273,4982
88,10184,3326
88,621,6699
90,324786,1558
90,114,1120
90,899112,5492
90,254,3337
90,943134,1087
90,337404,1443
90,205596,6278
90,916605,4837
90,283995,1831
90,976893,5470
90,12092,5455
90,11970,4948
90,89,6929
91,1189927,1450
91,13,4603
91,400928,4641
91,602734,3659
91,10191,5427
91,607,1250
91,616037,6260
92,68721,2365
92,411999,5398
92,404368,3982
92,389,1701
92,324786,1361
92,406990,4787
92,474350,3658
92,807,1240
92,1083862,809
92,1071215,4691
92,785084,1852
92,1040148,3524
94,616,1621
94,58,1689
94,296096,2961
94,724495,4897
94,563,2139
94,955659,4934
94,550,5965
94,948713,3348
94,9487,2620
94,566525,1419
94,341174,5211
94,467244,3156
94,3933,2994
94,502356,3056
94,252,6961
94,280,3696
94,337404,2671
95,1014590,554
96,679,5979
96,724495,7112
96,13,4137
96,10138,1122
96,338953,4081
96,10144,3120
96,343668,2957
96,779782,145
96,634649,168
96,299534,3886
96,961323,1026
96,467407,3673
96,354912,4106
98,370172,3645
98,1229958,5804
98,466272,2846
98,385687,459
98,520763,1798
98,550,2475
98,268896,1715
98,585511,3384
98,49046,5398
98,891699,2256
98,399579,6948
98,845387,7051
99,516486,2524
99,916224,5733
99,949581,3621
99,774825,6476
99,49046,225
99,98,1492
99,425,6074
99,240,4862
99,9714,6267
99,35,4538
99,614934,3311
99,950,3343
99,948713,1826
99,597,6828
99,634649,202
99,283366,7068
99,857,1467
99,438148,6470
100,9341,3006
100,574089,7083
100,1083862,5212
100,1229958,4574
100,940721,1215
100,679,742
100,73723,636
100,12092,1806
100,882569,999
100,459003,6886
100,207703,2297
100,14574,3943
100,943397,2322
100,845783,5369
100,949581,4184
100,1093485,2499
100,840430,4205
100,140300,5904
100,1232943,4178
100,527774,4889
101,882569,6583
101,321612,5676
101,44896,4849
101,529203,550
101,810693,2714
101,76757,6303
101,98,24
101,24238,6416
101,638974,3635
101,299534,4058
101,269149,4251
101,10144,2721
101,912908,4532
101,185,4345
101,807,3385
101,585,3320
101,569094,6093
101,207703,2383
102,244786,5841
102,943397,1816
102,619803,2041
102,1015908,2764
102,155,246
102,976573,1332
102,12153,364
102,205587,6369
102,497698,1277
102,968868,5659
102,99861,2487
102,1142740,822
102,539681,1692
102,87428,2940
102,744,6717
103,294254,6613
103,389,4393
103,278927,1208
103,18,488
103,1271,421
103,838240,6037
103,122917,2487
104,695721,2485
104,968868,1592
104,496243,1746
105,51828,2101
105,5174,893
105,1954,2813
105,354912,1290
105,1572,4354
105,58,6715
106,240,6119
106,645710,565
106,1075175,3316
107,512195,2688
108,670292,2111
108,1076364,2987
108,949,5016
108,841,3798
108,10014,6735
108,138843,1188
108,268896,3770
108,1227136,1569
108,278154,5594
108,943134,3436
108,345887,333
108,808,4308
108,124905,4702
108,852436,6675
108,1372,5514
108,216015,447
108,871,5648
109,296,4514
109,8681,3628
109,8966,1412
109,218,3680
109,2322,6810
109,673593,1136
109,283995,6063
109,698508,3426
109,1083862,5644
109,1029575,63
109,769,4092
109,339846,79
109,36647,5121
109,4935,6582
109,507089,6928
109,615457,251
109,844416,3077
110,98,4496
110,449443,6307
111,557,1969
111,155,3598
111,242,7153
111,581726,5579
111,19995,6442
111,225886,6239
111,674,5134
111,804095,5613
111,16859,696
111,9487,1873
111,631842,609
111,14,6008
111,9732,2182
111,76341,4213
111,955916,7074
112,804150,383
112,10229,4737
113,252,4216
113,539681,333
113,857,2163
113,672,6695
113,244786,6340
113,49013,4294
113,1064835,1248
113,871,3484
113,329865,3512
113,36647,1057
113,453395,5575
113,4348,119
113,76600,4710
113,1061181,2116
113,8920,7199
113,1083862,1040
113,975043,4046
113,457332,6052
114,337339,2755
115,254128,6143
115,850165,961
115,818647,1556
115,453395,5033
116,281338,3373
116,7485,929
116,1075794,4637
116,4935,984
117,1015908,330
117,383498,7057
117,566525,3416
118,399566,918
118,11036,4347
118,845387,1398
118,585,3405
118,210577,6070
118,61979,5621
119,581528,6855
119,1187998,2482
119,404368,5219
119,2062,3352
119,1020006,4506
119,500664,1538
119,505642,7106
119,373571,3501
119,18,5087
120,863851,2426
120,767,4188
120,568124,1693
120,429617,3721
120,916224,5278
120,280,3435
120,395992,1015
120,840430,7027
120,820232,6505
120,760774,4367
121,557,3363
121,976573,3657
121,7305,1873
121,4348,3955
121,284052,1868
121,12445,2216
121,129,1779
121,585,3895
121,497,5388
121,11360,3869
121,537915,5921
121,244786,6611
121,506517,1704
121,1924,143
121,9732,6904
122,93456,6077
122,866398,2118
122,14574,2664
122,260346,3620
122,585,5691
122,675353,5641
123,146233,4456
123,76338,4808
123,106646,6367
123,264660,1526
123,943134,1128
123,80278,6868
123,13183,5883
123,354912,3640
123,634649,2662
123,298618,5101
123,693134,1824
123,20352,4955
123,411,1137
123,635302,3529
123,508442,5571
124,190859,6295
124,529203,2044
124,50620,5161
124,419743,4712
124,1003581,5803
124,539681,3487
124,767,4660
124,1072342,6066
124,982940,5053
124,11036,5192
124,802219,3275
124,122,6537
124,1046032,3612
124,1014590,4213
125,121,753
125,89,6982
125,810693,7000
125,9539,6091
125,1227136,3971
125,396535,5559
125,138843,4984
125,1001835,6657
125,474350,4300
125,732459,2234
125,354912,6450
125,808,4934
125,614934,7051
125,335,3946
125,928833,6166
125,438631,4619
125,871,5646
126,966220,968
126,198663,911
126,49046,2169
126,585,4954
126,14160,3320
126,4935,1137
126,994108,6799
126,215,1499
126,566525,1800
126,496243,4143
126,569094,4672
126,244786,952
126,8871,4150
126,624860,5074
127,10193,951
127,866398,2871
127,284054,5464
127,157336,4456
127,677179,4428
127,281957,5661
127,354912,6790
127,760104,6191
127,9659,904
127,882569,4195
127,672,4051
127,1040148,5191
128,619803,5085
128,72190,5349
128,621,3580
128,400155,6486
128,568124,7197
128,601796,1900
128,401200,3159
128,597922,2565
128,48650,5296
128,10196,6466
128,425909,2980
128,343668,1101
128,818397,5567
128,1118033,1605
128,888001,4670
128,12,6928
128,1014590,1601
128,1124127,3046
129,335977,3091
129,284054,416
129,926599,6229
129,634649,2447
129,120,49
129,129,1326
129,8681,6466
129,1020006,2172
129,330457,1905
129,9426,4109
129,804150,2280
129,11,5251
129,141052,1905
129,353081,2976
129,438695,1207
129,550,4852
129,324786,1218
129,429617,578
130,680,6440
130,10144,5967
130,283995,5964
130,127585,2268
130,744857,2624
130,447362,2503
130,480530,3850
130,166428,5143
130,10191,6894
130,24238,3167
130,128,1315
130,122,3514
130,438631,3536
130,38757,5261
130,370172,3052
130,105,1360
131,10999,1321
131,645488,1588
131,976573,2991
131,848187,1356
131,296096,3797
131,375794,3031
131,406759,4291
131,99861,141
131,299534,4637
132,1572,1986
132,205584,5372
132,891699,3938
132,1211483,6194
132,619803,5980
133,522627,5218
133,464052,3545
133,522627,671
133,635910,3141
133,9502,3961
133,325358,3189
133,945729,6622
134,1029575,2306
134,744,2239
134,4232,4036
134,785084,3878
135,906126,5351
135,131634,4118
135,1139566,7069
135,791373,4395
135,177572,6039
135,205587,6866
135,401981,2163
135,10693,6078
135,615457,272
135,630720,4776
135,848187,6300
135,68721,6410
136,263115,2766
136,635302,2305
136,10193,4819
136,27578,4272
136,7485,6714
136,673,6340
136,1058694,525
136,529203,6628
137,348,4735
137,62211,4149
137,667520,2295
137,329865,6869
137,61791,4287
137,121,2569
137,198184,1628
137,863,6534
137,335984,3830
138,345887,583
138,76492,2683
138,13,5552
138,453395,2144
138,597,2074
138,839369,1524
138,960876,1549
138,4951,907
138,680,5257
138,1143190,5700
138,9928,4722
138,580489,11
138,1014209,5934
138,512200,3828
138,615656,5748
138,1227136,355
138,57158,5066
138,675353,6618
138,384018,3539
139,937746,4932
139,335797,3154
139,994108,5299
139,315162,5734
139,80321,428
139,480530,2991
139,958263,639
139,779047,7149
139,1229913,3855
139,1422,1768
139,347201,1436
139,545609,3271
139,336843,1063
139,862,195
139,10014,4033
140,22,6633
140,315162,6640
140,601796,4107
140,46195,2125
140,949567,4921
140,78,67
140,850165,631
140,457332,3754
140,785084,6560
140,185,4611
140,787699,4347
140,299534,4982
140,16859,4090
140,530915,5802
141,1006462,6351
141,370663,5382
141,1369,5966
141,9023,3741
141,1579,2660
141,10681,4069
141,427641,1994
141,284054,3141
141,82690,1571
141,453395,4652
141,384018,5370
142,414906,4778
142,10229,3862
142,850165,3086
142,1579,263
142,522627,1219
142,269149,2594
142,982940,1742
142,315635,3402
142,402900,2086
142,198663,3316
142,9502,8
142,840430,2201
142,597922,1539
142,667520,1674
142,1724,7020
142,1047925,4051
142,11544,621
142,205587,4469
142,68718,2981
142,106,6380
143,672,6321
143,1014590,428
144,732459,1335
144,10607,2652
144,726209,353
144,240,686
144,467407,1505
144,758323,4646
144,812225,915
144,4977,1089
144,47933,815
144,602223,3716
146,616,3190
146,111,6897
146,676547,2725
146,400155,1556
146,1012201,3067
146,348,6622
146,198663,455
146,1014590,2332
146,603661,59
146,1229958,4595
146,290271,6148
146,900667,3189
146,34851,3719
146,1053544,882
146,49026,6492
146,9373,6366
146,755437,6994
146,10193,856
147,943397,5452
147,1579,5138
149,14836,1695
149,11324,1002
150,575264,6137
150,1006462,4864
150,157336,4854
150,507089,1897
150,335787,1146
150,758009,6175
150,13,5786
150,679,3708
150,260514,182
150,46195,2474
150,296096,5556
150,408,458
150,1056360,4713
150,988078,6735
151,603661,6379
151,12153,5298
151,634649,2656
151,624860,2982
151,638974,2084
152,638974,6395
152,284054,7036
152,330457,3952
152,588228,2851
152,8355,720
152,577922,6987
152,1029575,7034
152,945729,340
152,526896,2252
152,157336,1277
152,359724,2909
152,87428,4691
152,49046,906
152,539,5928
153,263115,2732
154,467407,6132
154,630,2731
154,6479,3080
154,1012201,2187
154,438631,1857
154,4232,7135
154,976573,5349
154,602223,4249
154,155,3102
154,9659,7034
154,675445,5688
154,585,78
154,6977,2336
154,1865,1109
154,497,6659
155,205596,6136
155,9339,6441
155,700348,2067
155,865368,6605
155,474350,4176
155,4348,570
156,940721,3298
156,884605,6419
156,68721,4048
156,906126,2783
156,684684,1829
156,185,6372
156,848326,3928
156,177572,3139
156,1372,6880
157,1171541,4250
157,8363,7119
157,679,4734
157,466272,3957
157,1015908,2695
157,634492,3939
157,635302,2255
157,466272,6289
157,1726,517
157,329865,4735
157,615777,4142
157,893712,2225
157,1015908,5628
157,550988,214
157,588228,2797
157,615,6163
158,994108,842
158,396535,6600
158,598387,2977
158,811634,116
158,75780,525
158,49444,6874
158,384018,3859
158,159824,6037
158,1076487,74
158,177677,4111
158,943134,4381
158,27205,2126
158,802219,4906
158,13,2460
158,1071215,2624
158,438695,1721
159,1366,5602
159,475557,280
159,155,16
159,263115,4953
159,14574,7149
159,1015908,6553
159,475557,868
159,12437,633
159,718930,3023
159,1000081,1463
159,526896,857
159,937249,6454
159,872585,4386
159,857,6778
159,370172,3697
160,324552,222
160,545611,6519
160,982940,1657
160,637649,1122
160,129,241
160,39323,6876
160,872906,7102
160,4348,2115
160,845387,5618
160,809,5849
160,508442,2579
160,75656,823
160,917594,1854
160,129,1549
160,101299,1264
160,50546,1610
160,38,5127
160,1036561,5362
161,76492,7028
161,459151,6629
161,102651,7196
161,10674,5782
161,449443,1840
161,614930,5979
161,10674,2641
161,10681,2071
161,1058694,1605
161,966220,2619
162,350,2189
162,1121575,6590
162,106646,2728
162,1121575,2949
163,346698,5840
163,424,5804
163,168259,1715
163,16869,2840
163,76600,4318
163,850165,3564
164,451048,2783
164,115543,3855
164,844069,1620
164,916224,1145
164,497,870
164,150540,4799
164,744,5684
165,150689,4575
165,101,6985
165,128,6838
165,341174,4890
166,497,3985
166,13183,5873
166,198184,3426
166,140607,2143
166,9023,1720
166,774825,907
166,10009,6558
166,512195,3152
166,198663,6318
166,290098,6169
166,296096,3625
166,457332,2728
166,621,4128
166,274855,4782
166,1128606,3211
166,807,2437
166,111,2692
167,101,4330
167,333339,315
167,10555,5271
167,414906,6982
167,4951,3831
167,9714,4862
167,447332,764
167,80278,3308
167,585511,6551
167,438148,6130
167,9539,423
167,493922,2661
167,673,4818
167,679,2757
167,1008148,2346
167,843794,91
167,299054,5810
168,930564,6853
168,8392,6107
168,269149,3546
168,530915,2415
168,2109,6618
168,36419,7122
168,496450,435
168,638974,787
168,272,650
168,205587,4791
168,12092,6140
168,10681,3402
168,1061181,6915
168,675,316
168,1020394,733
168,845643,6539
168,254,572
170,850165,5612
170,575264,2198
170,61791,2280
170,238,356
170,12437,897
170,348893,1677
170,755437,1526
170,597,4141
170,77338,6240
170,71552,9
170,12445,3904
170,574089,2099
170,10195,1049
170,10681,5302
170,101,1440
170,312221,3364
171,615457,1595
171,75656,2399
171,9023,830
171,209112,4709
171,785084,6562
171,597,1986
171,602223,4759
171,631842,4390
171,10830,5895
171,22,949
171,127585,504
171,76492,5638
171,1076364,3256
171,550,2596
171,127585,1088
171,744857,446
171,177572,722
171,976893,4096
171,156022,7131
172,82690,5515
172,497698,2485
172,111,236
172,187017,5082
172,345887,326
172,675445,6843
172,772,704
172,1128606,2099
172,64688,5033
172,552688,5449
173,423108,6185
173,38757,53
173,105,6661
173,262500,6366
173,1579,3205
173,734253,2401
173,150689,1756
175,667538,468
175,752623,3365
175,1050035,1394
175,425909,323
175,8392,929
175,1058694,2904
175,1076487,4167
175,348,5722
175,1061855,3517
175,493529,2524
175,47933,3300
175,353081,797
175,603,4097
175,628866,2072
175,2322,1986
175,264660,6882
175,915935,370
175,56292,235
175,1014590,1050
175,116776,4589
176,779047,7010
176,280,5195
176,166428,2808
176,563,728
176,1229958,845
176,10527,4486
176,6844,3054
176,259316,6304
176,809,1507
176,396535,3241
176,466420,6612
176,9487,3766
176,438695,195
176,810,4256
176,994108,2588
176,764,6282
176,1015908,1948
177,1118033,3362
177,5174,3220
177,467407,6658
177,76600,6609
177,680,3073
177,520763,3813
177,813477,5525
177,348,394
177,1206029,1146
177,280,6183
177,11,811
178,238,2009
178,14128,1987
178,372058,3859
178,508947,5190
178,876792,5394
178,259316,3008
178,1579,2510
178,550,5636
178,4935,2795
178,370172,6656
178,197,721
178,522938,6626
178,779782,483
178,68726,5834
178,299534,300
178,1372,3012
178,937746,6743
178,14836,4024
178,111,6150
178,155,4440
179,429,2228
179,447365,6102
179,353081,4452
179,818647,271
179,297,1130
179,82702,1475
179,95,616
179,850165,4449
179,77338,6318
179,158852,330
179,346698,7115
179,12437,6835
179,928833,1535
179,937746,4729
179,507089,3970
179,1229958,6764
179,396535,3391
179,715931,1030
179,939914,3043
179,4011,1804
180,508883,1383
180,1930,2331
180,10681,4056
180,10138,2962
180,1422,1559
180,99861,5066
180,1232289,2040
180,399579,4854
182,948,1665
182,157336,1747
182,121,5610
182,122917,3704
182,1206029,2935
182,554596,5098
182,545611,5384
182,102651,606
182,324786,5679
182,838240,1142
182,438148,452
182,820525,4222
182,48650,2295
182,814776,6238
182,138832,4928
182,238,4806
183,8392,4670
183,572802,3581
183,666277,3525
183,120,2429
183,39323,1821
183,6479,4573
183,34851,5483
183,565373,538
183,1171541,4147
183,281338,5547
183,150689,4713
183,1152797,5786
183,602734,1992
183,283995,3767
183,38,5692
183,34851,5805
183,1232289,2868
183,124905,1551
183,359724,4915
184,693134,6401
184,574089,3375
184,603,2354
184,666277,2509
184,14160,5569
184,871,656
184,640,1827
184,1422,6327
184,272,4121
184,812225,572
184,102382,2024
184,844069,6601
184,791373,5438
185,1056360,1826
185,10195,3980
185,585,4041
185,792307,6281
185,348,197
185,424,7123
185,4977,5977
185,842675,2488
185,335797,682
185,522627,1010
185,718930,3379
185,4011,5952
185,155,2016
185,502356,3733
186,109445,4228
186,324857,1529
186,958263,4497
186,631842,527
186,585,5944
187,173185,3088
187,693134,2761
187,284054,5375
187,252,3651
187,937249,6208
187,1012201,5151
187,810171,714
187,856289,817
187,1726,1656
187,840430,6932
187,968868,1556
188,245891,6355
188,75780,4331
188,1008042,1154
188,62211,3529
188,131634,3176
188,18240,5882
188,13,4836
189,585083,4857
189,249397,2515
189,324786,1868
189,271110,6663
189,760774,1016
189,425909,4473
189,598387,1725
189,950,3685
189,429,466
189,603,740
189,345940,980
189,882569,414
189,848538,6181
189,10144,259
189,56292,4168
189,10693,1127
189,1152797,6314
189,37165,6861
189,534205,441
190,272,1222
192,766507,303
192,264660,3418
192,149,1099
192,4232,4567
193,724495,3709
193,1008042,6370
193,11,2757
193,493529,157
193,597,5897
193,550,3495
193,408,4003
193,1124127,2260
193,10229,3708
193,38,6878
193,333339,3626
193,1060090,5279
193,667538,2193
193,80278,678
193,848326,253
194,3933,5339
194,293167,479
194,16859,313
195,982932,2612
195,672,3712
195,848326,4270
195,291805,5444
195,602223,4065
195,9539,54
195,983507,5269
195,210577,280
195,566525,5219
195,1022796,973
195,71552,7044
195,335,1911
195,453,3140
195,534,2543
195,8587,320
195,980489,1444
195,507089,5656
195,802219,3484
195,1229913,5148
195,354912,2790
196,1495,1393
196,964592,4318
196,1014209,223
196,982940,3558
196,820232,5868
196,77338,6361
196,50620,5824
196,840326,5624
196,155,888
196,545611,5183
196,820609,5255
196,851644,7164
197,628866,1234
197,12437,2355
197,348,2476
198,536554,1073
198,18095,4330
199,79443,1613
199,976573,2288
199,14160,250
199,640,3737
199,4232,2586
199,554596,2009
199,459003,6363
199,545742,4760
199,400928,3510
199,335977,6239
199,185,2465
199,121,4243
199,671,4561
199,841,1640
199,848326,2284
199,1058694,3834
199,527774,3597
199,61979,5591
199,38700,1245
199,868759,282
200,280,6117
201,569094,1036
201,1030987,3616
201,862,1373
201,942881,3139
201,1053592,3341
201,744276,669
201,10138,6312
202,668482,6222
202,324786,4025
202,830764,4028
202,10882,5615
202,529203,4752
202,10020,5662
202,428045,5976
202,101,6661
202,12153,6235
202,934433,1462
202,955916,3465
202,804095,5887
202,106646,472
203,569094,5451
203,568124,7050
203,9453,4979
203,156022,3889
203,8358,4847
203,425,3756
203,38,6745
203,320288,353
204,272,1797
204,404368,6123
204,181533,1090
204,862,3355
204,601796,3358
204,760774,3044
204,716263,208
204,49444,6241
204,106,1727
204,296096,887
204,1128606,6694
204,10674,6470
204,263115,7012
205,467407,1744
205,122,4181
205,1036561,6427
205,854,5760
205,614479,4887
205,744,1091
205,645710,5928
205,260346,6797
206,680,2334
206,945937,2403
206,404368,15
206,240,902
206,619803,3555
206,852436,410
206,4951,1520
206,101299,2523
206,13,2849
206,395992,2058
206,272,644
206,678512,4682
206,120,6386
206,459151,2739
207,843794,6750
208,260514,1478
208,585511,2924
209,38700,2360
209,610150,2621
209,121,6751
209,811634,1541
209,1372,5145
209,1050035,5460
210,101,565
210,480530,2327
210,502356,4461
210,568124,4353
210,438695,6130
210,758323,7082
210,496450,3893
210,949581,5535
210,411,3622
210,496450,5074
210,1265,3738
210,630,1980
210,585,5440
210,779047,3955
210,283995,3579
210,563,4157
210,1012201,6074
210,245891,5327
210,375794,4395
210,960876,1486
211,11544,6513
211,240,2081
211,102382,1381
212,508947,2776
212,38055,1782
212,808,3091
213,61979,5124
213,726209,6906
213,1954,7085
213,679,6634
213,1142740,4377
213,351286,2616
213,607,1171
213,921636,4399
213,387824,875
213,840326,527
213,675353,1162
213,1049951,4188
213,912908,282
213,851644,7148
213,866398,1180
213,1230085,2395
213,56292,3062
213,716263,1400
213,378236,1908
214,994108,1510
214,916224,4932
214,50620,3568
214,736526,5016
214,508943,4476
214,507089,2186
214,290098,270
214,290098,3840
214,414906,1287
214,400928,5266
214,679,782
214,446893,3802
214,138832,6896
215,1061855,6154
215,675353,4354
215,677179,6647
215,900667,4379
215,105,5222
215,709631,2916
215,1145291,2560
215,508883,7181
215,206487,5300
215,298618,4594
215,61979,1800
215,1008042,4012
215,345887,7189
215,207703,3392
215,9325,4452
215,228150,5253
215,10198,4399
215,512200,3007
216,453,2169
216,502356,3056
216,467244,4623
216,943397,1494
216,76600,2466
216,13183,3066
216,4935,2090
216,401200,5209
216,283995,2349
216,62177,844
216,1214314,2037
216,609681,325
216,329865,4507
216,844069,5435
216,10882,4528
216,375794,1549
216,365620,4621
216,976573,6828
216,667520,6649
217,11970,4299
217,10607,4356
217,365620,4408
217,744275,6657
217,1206029,1195
217,22,3369
217,423108,258
217,281957,1388
217,85,2078
217,159824,3271
217,301528,2254
217,539681,4027
217,524434,288
217,603661,6993
217,958263,761
217,290098,5903
217,447362,2453
217,271110,3665
217,72105,4396
218,527774,5364
218,1726,586
218,1422,7189
218,337339,3578
218,10229,812
218,1076487,4059
218,476669,4173
218,335,1023
218,155,5807
218,811634,6542
218,281957,1663
218,480530,3500
218,49444,2387
219,8363,5103
219,510,3343
219,1366,6799
219,166428,715
219,76757,5891
219,496243,1337
219,101,850
219,278,5143
219,1128606,1107
219,994108,2141
219,1366,1245
220,324786,2471
220,744275,4581
220,787699,5884
220,101,6105
220,872906,1213
220,457332,2066
220,10144,327
220,395992,4434
220,49026,2790
220,957314,4926
220,854006,2884
220,361743,463
220,545609,2987
220,785084,6516
220,1071215,3438
221,128,2776
221,7305,2214
221,550,4749
221,1183905,7084
221,808,557
221,848538,1715
221,1572,898
221,109428,1851
221,402900,6810
221,637649,4534
221,57158,3223
221,14161,3249
221,915935,7134
221,615656,5626
221,634649,742
221,1008148,174
222,4935,5160
222,11324,816
222,734253,2381
222,615,1757
222,953,2295
222,1070514,4733
222,76492,6645
222,489,5063
222,9603,110
223,845387,4356
223,106646,3703
223,951491,4873
223,497698,5015
223,854,3711
223,400928,6876
223,4232,713
223,399579,6885
223,760774,1466
223,13313,2396
224,7555,1902
224,774825,6277
224,9603,6452
224,260513,996
224,62,1208
224,197,6118
224,10882,2731
224,906126,3211
224,568124,1823
224,10193,1053
224,372058,4978
224,114,1376
224,9352,7011
225,3933,7165
225,951491,2827
225,1231942,6686
225,95,619
225,527774,7050
225,863,5519
225,218,5289
225,1059345,496
225,173185,1378
225,1015908,7071
225,1422,1542
225,283366,3020
225,18785,6114
225,458156,5222
225,354912,1867
226,9806,6561
226,862557,859
226,10528,2803
226,216015,5088
226,61791,6051
226,37165,3795
226,109428,5867
226,1061855,4409
226,6844,4640
226,10193,2283
226,480530,4354
226,14,2992
226,602734,5034
226,949,2111
226,408,404
226,119450,6510
227,157336,4244
227,400160,1572
227,414906,1181
227,676547,1166
227,6479,193
227,1070514,5566
227,337404,783
227,966220,327
227,724495,4560
227,833326,3492
227,459003,5116
228,140300,5344
228,615777,6068
228,372058,2263
228,159824,5769
228,1058694,5720
228,510,4091
228,958006,5556
229,489,3640
229,10998,5128
229,49026,1517
229,438695,3107
229,475557,1965
229,4011,285
229,315162,5051
229,353491,3549
229,769,2453
229,545609,4928
229,760774,3966
229,539681,4112
229,724495,5333
229,436969,6624
229,753342,2079
229,150540,1183
229,979924,5876
229,38055,2805
230,1061181,6285
230,1174725,379
230,446893,5727
230,862,4249
231,408,4783
231,446893,1674
231,524434,753
231,106646,674
231,360920,6900
231,508947,2339
231,496450,560
231,631842,6280
231,1075175,1437
231,474350,234
231,206487,5373
231,585,4927
231,73723,5280
231,168259,6181
231,281957,673
231,1008148,3603
231,564,5763
231,677179,1149
231,619803,289
232,98566,5717
232,260513,1839
232,1008148,2919
232,337404,2997
232,527774,6692
232,1012201,423
232,131631,1156
232,13,609
232,818647,2254
232,417859,285
233,7305,6624
233,634649,1527
233,312221,7027
234,406990,2826
234,8363,1953
234,988078,3319
234,726209,4891
234,337339,1437
234,44833,7123
234,10020,5950
234,646389,5552
234,615457,1394
234,631842,6668
234,122,5769
234,601796,1937
234,9769,6688
234,7555,3804
234,93456,395
234,838240,3576
234,64688,3326
234,791373,5682
234,988078,697
234,150689,3480
235,640,5331
235,1206029,6493
235,417859,3316
235,507089,4349
235,508442,2455
236,337404,4401
236,106646,6894
236,1265,2546
236,72105,1055
236,4935,2737
236,862,3359
236,10198,2969
236,27205,4550
236,454626,2174
236,581726,6942
236,1061855,4748
236,16869,5548
236,18240,6495
236,68726,1428
236,297802,7157
237,10193,2388
238,512200,491
238,109445,3527
238,675,294
238,1061855,808
238,49046,1892
238,940551,5048
238,937249,5158
238,315162,4764
239,893712,49
240,619803,736
240,537915,790
240,562,701
241,851644,4842
241,424,1898
241,840430,329
241,10681,3953
241,406990,1249
241,833326,2869
241,49026,2473
241,949,5467
241,1050035,1573
241,9769,1513
241,997391,7028
241,666277,2682
241,298618,777
241,977013,613
241,425909,7102
241,82690,2904
241,530915,3997
241,955659,2185
242,964592,6492
242,939335,1699
242,238,7162
242,12092,294
242,10229,2237
242,1142740,3183
242,502356,2349
242,205584,6704
242,766507,5804
242,9602,1279
242,4977,1439
242,62,3037
242,122917,471
243,10555,5788
243,810693,1109
243,5548,3773
243,49444,5849
244,315011,3777
244,197,1438
244,216015,119
244,597,3619
244,337404,3294
244,283366,3438
244,111,4916
244,22,2553
245,510,4131
245,379686,622
245,10138,1695
245,930564,5391
245,545611,3582
245,900667,2341
246,537915,4155
246,271110,6530
246,588228,4288
246,680,5022
246,14836,4809
246,9502,6065
246,539,1670
247,101,760
247,273481,932
247,845783,5122
247,671,3412
247,101,4944
247,673,3935
247,62,5296
247,610150,4870
247,574089,4794
247,68718,7006
247,447365,5699
247,982932,2387
247,791373,3881
248,581528,1296
248,645710,2793
248,111,1434
250,673593,5238
250,44833,5135
250,1168709,7158
250,7305,7137
250,638974,6803
250,457232,1822
250,642885,2066
250,75656,6595
250,11544,1236
250,140607,1939
250,569094,440
250,957314,656
250,840430,3458
251,118249,5676
251,429,6811
251,955659,5099
251,1231953,1650
251,135397,6785
251,856289,7186
251,126889,5705
251,516486,5649
251,11836,3505
252,616037,3473
252,389,6370
253,9552,3647
253,127585,7031
253,1133602,3900
253,347201,5879
253,87428,2445
253,872976,4962
253,605,5305
253,320288,5172
253,330457,715
253,24428,6119
253,840430,6065
253,674,3062
254,315011,271
254,559,3981
254,785084,196
254,14,3834
254,937249,5912
254,945729,6607
254,1372,5754
254,13,2694
254,207703,2999
254,619803,6050
254,510,5195
254,843617,488
254,1579,6267
254,10191,2766
254,940721,2450
255,526896,860
255,353081,5969
255,810171,4235
255,4011,1985
255,372058,6300
256,928833,283
256,122,4471
256,569094,675
256,948,2131
256,744276,1566
256,1230085,4456
256,245891,271
256,585,3903
256,131634,4227
256,558915,1997
256,290098,4448
257,615457,5175
257,526896,1851
257,424,49
257,976893,942
257,915935,1619
257,1232289,2137
257,8871,976
257,38,3504
257,1076364,3802
257,324552,1750
257,82023,6524
257,283995,3842
257,652,1710
257,609681,19
257,961323,766
258,396535,4238
258,854006,5798
258,497,4937
258,438148,2427
258,585083,3520
258,4348,6133
258,646389,331
258,16869,2075
258,507086,792
258,12444,3779
258,808,5646
258,215,4529
258,1174725,501
258,562,2638
258,273481,6530
259,329865,4505
259,395992,6569
259,575264,1650
259,12445,3476
259,290098,5249
259,1124127,1054
259,665,4863
259,146233,4934
259,1232289,4800
260,1149381,3362
260,10229,2653
260,530915,2667
260,401200,6191
260,851644,4176
260,718930,4150
260,530915,4495
260,937249,615
260,646385,7018
260,38,6154
260,109451,2001
260,851644,6448
260,603,4018
260,614934,1557
260,329865,5879
260,679,3770
260,594767,4380
260,615,4533
261,558915,4505
261,101,3065
261,520763,63
261,324857,1224
261,278,852
261,127585,5548
261,12445,2701
261,675445,4153
262,324786,2466
262,792307,5731
262,9603,4210
262,1152797,4591
262,400928,5032
262,9487,1289
262,205587,3069
263,138843,4321
263,98,889
263,949,2532
263,49051,6529
263,603661,1809
263,1157049,3708
263,672,2725
263,453,3146
263,8413,5128
263,447277,3735
263,630586,2815
263,949567,5928
263,402900,2836
263,118,6361
263,347201,3473
263,173185,4494
263,666277,5921
263,800158,7119
263,10191,6917
264,1015908,7083
264,559,4100
264,10895,5571
264,2109,1451
264,346910,861
264,419743,2133
264,324786,3729
264,80321,5274
264,4348,6013
264,872976,4103
264,530915,3464
264,574074,6710
264,76600,6629
264,695721,2790
265,68721,6999
265,675,3292
265,1000081,5489
265,510,860
266,893712,601
266,360920,2826
266,678512,845
266,64688,5766
266,661374,6623
266,400535,2010
266,685014,2772
266,438631,4114
266,1265,1490
266,912908,6948
266,951491,1261
266,89,429
266,335984,2918
266,140300,5702
266,263115,5232
266,901362,4384
266,891699,6221
266,299537,5881
266,1230085,4739
266,373571,6703
267,508943,6419
267,1865,5356
267,539681,6743
267,811634,1297
268,122917,1477
268,7555,1614
268,76492,5958
268,114,3432
268,581726,3962
268,9603,5011
268,545742,3451
268,727209,4932
268,10198,689
268,293660,3684
268,603,4757
268,34851,80
268,6479,4868
268,818647,2223
268,18095,2087
269,1229958,3404
269,1128606,1359
269,10198,1192
269,76341,2852
269,955916,2221
269,812225,274
269,9806,6682
269,1060090,7000
269,10528,883
269,615,6022
269,1734,4848
269,14160,1491
269,799379,7105
269,109428,971
270,423108,3960
270,260513,1360
270,424,7122
270,181812,1984
270,845387,272
270,1015908,4740
270,414906,3145
270,613504,7093
270,436270,1099
270,9552,822
270,856289,5551
270,176,3441
271,135397,0
272,893712,3158
272,634649,3485
272,9487,3528
272,14,5682
272,348893,3347
272,341174,6599
272,1865,1583
272,106646,5975
272,581528,5484
272,820525,5185
272,105,1078
272,569367,5810
272,508947,5111
272,545611,5328
272,1074049,3874
272,848187,2142
273,1171541,6511
273,278,6240
273,807,2417
273,68718,6446
273,635302,316
273,566525,2703
273,129,1229
273,674,6554
273,661374,1782
273,378236,2335
274,149,6969
274,949581,5552
274,68735,5558
274,1128606,4441
274,937895,1216
274,4348,5666
274,138832,1542
274,13,3332
274,345940,4894
274,1015908,1194
274,12429,6022
274,1056360,3497
274,4011,6115
274,179387,3527
275,89,6144
275,537915,1083
275,585083,3899
275,527774,3322
275,10191,1516
275,126963,4645
275,561,3349
275,34851,5274
275,497698,87
275,948713,1747
275,537915,1541
276,82690,2441
276,820232,4390
276,12444,4343
276,101,2430
276,76600,5136
276,79443,4717
276,10681,803
276,85,5800
276,934433,1825
276,833326,3774
276,646389,2515
276,862,4229
276,396535,5338
276,840430,5759
276,862,1311
276,502356,2526
277,10681,2757
277,1034062,2466
277,940241,894
277,38055,1126
277,862,2256
277,85,5645
277,425,6037
277,273481,6496
277,12,5915
277,228150,5562
277,122,3757
277,614930,2155
278,621,6421
278,68718,268
278,496243,7179
278,912908,1016
278,456740,1207
278,512195,2866
278,1046032,1970
278,1212073,5249
278,928833,2002
278,177572,6447
278,919207,2004
278,668482,4800
278,419743,5128
278,943134,6596
278,755437,4604
278,58,1590
278,630,4272
278,1172009,586
278,19995,6462
278,10138,6227
279,597922,4660
279,673593,372
280,851644,7199
281,610150,5760
281,726209,6912
281,841,5347
281,16859,6482
281,11224,2551
282,324786,5549
282,106646,4759
282,384018,2657
282,602223,2822
282,38700,3888
282,218,6948
282,1008148,594
282,1189927,6182
282,1015908,5294
282,838240,3571
282,1075794,3032
282,508947,4547
282,10625,1197
282,792307,972
282,81774,4690
282,12,4784
282,399566,3196
282,285,3887
282,520758,5720
283,10830,1761
283,565373,869
283,1267,1026
283,602223,3194
283,891699,2537
283,807,108
283,840430,902
283,353081,2215
283,244786,630
284,900667,3423
284,284053,2195
284,447365,3473
284,994108,12
284,585,6512
284,550,3387
284,438631,6491
284,4348,467
284,684684,407
284,489,691
284,8392,1834
284,960876,434
284,565373,5318
284,736526,1383
285,9373,5831
285,673593,1413
285,912908,3774
285,1040148,6062
285,940721,1098
285,1366,2400
285,438148,6701
286,840326,12
286,339964,4248
286,105,4936
286,8358,6604
286,645488,3445
286,856289,3547
286,11688,815
286,324552,9
286,760104,6292
286,906126,2034
286,335,3843
286,597,6418
286,129,5201
286,5548,6460
286,779782,5488
286,536554,3945
287,545611,3640
287,953,6816
288,315011,730
288,10674,4531
288,527774,3213
288,1372,4954
289,414906,3766
289,1178734,5445
289,181812,3692
289,1058694,5554
289,80278,2768
290,480530,492
290,389,6360
290,10009,6162
290,467407,3943
290,27205,1539
290,467244,5880
290,630586,3126
290,13475,2023
290,38757,6945
290,550988,622
290,753453,5972
290,411,1071
290,516486,2529
290,961268,1972
290,72105,1054
290,101,6606
290,12445,756
290,489,4213
290,429,2282
291,629542,2068
291,347201,4295
291,9023,1294
291,958006,6363
291,1102776,1676
291,109451,537
291,12155,6407
291,1064835,6822
291,673,3357
291,408,6711
291,1029575,748
291,339964,5655
292,324786,2201
292,337167,781
292,642885,4656
292,38,4239
292,603661,4982
292,1022796,5062
292,9487,3342
292,38757,4699
292,626412,2739
292,335,6936
293,10009,6668
293,12445,4961
293,6844,4169
293,216015,7031
293,425,5792
293,127585,1215
293,379686,4090
293,530915,3243
293,12429,883
293,10191,1248
293,1022796,209
294,27205,4961
294,10674,4309
294,496450,2911
294,489,5960
294,457232,1441
294,500664,732
294,402900,6318
294,986070,4818
294,812225,2143
294,4977,6846
294,259316,1579
295,270946,4263
296,1135229,6425
296,980137,6314
296,399566,4350
296,954,1085
296,637649,6185
296,1015908,3580
296,616037,2829
297,301528,4245
297,674,4229
297,9023,1113
297,359724,5961
297,8392,806
297,466272,4310
297,280,6373
297,539,5600
297,1230085,4219
297,428045,2791
297,290098,1473
297,106646,1265
297,893712,6105
298,545609,2102
298,976573,7152
298,9603,4081
298,1211483,4701
298,181533,7014
298,12,3958
298,1139829,2664
298,506517,4886
298,9325,6417
298,228150,2803
298,278154,3242
298,181812,1157
298,420818,3694
298,718930,3322
298,177572,3315
298,335984,4786
298,24021,1060
299,1008148,3369
300,807,6718
300,1230393,3324
300,951491,3238
300,259316,2746
300,12444,7188
300,529203,1152
300,337339,430
300,961268,7015
300,811634,1144
301,37165,5072
301,614930,543
301,399566,7123
301,820525,2332
301,400928,767
301,8363,6270
301,400160,3111
301,1056360,2
301,122,7146
301,597922,6925
301,62,209
302,240,910
302,399566,5083
302,670292,3494
302,336843,2815
302,937746,6261
302,22,2719
302,601796,1191
302,506517,2978
302,1056360,6356
302,931642,406
302,11836,6517
302,673,1901
302,329865,2195
302,961323,2019
302,685014,3344
302,698508,5813
302,496450,5318
302,558144,5679
303,39254,5485
303,725064,4800
303,510318,3503
303,298618,3826
303,1002338,5776
303,844069,1982
303,758323,4182
303,9539,4251
303,630586,4830
303,856289,6312
303,210577,4813
303,1012201,1371
303,937746,775
303,454626,2454
304,467407,4958
304,674,739
304,856289,3945
304,862,4571
304,338953,4012
304,158852,2677
304,361743,1252
304,724495,5661
304,354912,5545
304,670292,852
304,8587,3179
304,146233,6412
304,3933,1050
304,375794,2409
304,39323,4933
304,507086,5611
304,496450,4086
305,439079,2965
306,155,3064
306,10138,459
306,948,3071
306,122,6423
306,298618,6130
306,155,6649
306,210577,6240
306,568124,890
306,507089,6942
306,843380,1561
306,838240,234
306,343611,523
306,12429,4208
306,966220,299
306,901908,2782
306,9539,6787
306,197,5470
306,808,634
306,642885,5759
307,14,5233
307,605,4973
307,808,130
307,698508,2039
307,597,7157
307,901362,2986
307,324786,5394
307,1171541,2977
308,351286,4268
308,400535,798
308,401200,2599
308,333339,6611
308,843617,6570
308,460458,484
308,673,640
308,985939,818
309,1015908,5048
309,506517,1755
309,464052,4242
310,150689,1371
310,417859,4077
310,564,2675
310,574074,2516
310,240,2250
310,594,2551
310,637649,729
310,10681,4205
311,496450,1318
311,118249,4020
311,791373,6819
311,311324,6903
311,1050035,3820
312,850165,2255
312,614479,4454
312,168259,5632
312,1072790,1077
312,568124,6324
312,1061855,5932
312,361743,4270
313,373571,2481
313,38365,1194
313,337339,1623
315,603692,2409
315,51828,5467
315,1008148,6930
315,940551,4754
315,13,4672
315,1155089,2182
315,11619,375
315,138843,513
316,13,3318
316,642885,5137
317,697843,3213
317,1366,4201
317,642885,3659
317,39323,5227
317,138832,5281
318,635302,4978
318,489,5062
318,810171,2477
318,299534,6844
318,920,6788
318,49046,784
318,1015908,6115
319,335,222
319,943397,676
319,510318,384
319,724209,2455
319,198184,182
319,986070,3645
319,955659,1412
319,122,2156
319,980489,3755
319,166428,849
319,680,5779
319,10229,779
319,598387,3140
319,527774,3943
319,1155089,5535
319,259316,611
319,507089,6850
320,1139829,2050
320,1008042,3251
320,246655,5960
320,245891,3536
320,252,1476
320,11836,5790
320,11036,7001
320,1206029,6184
320,966220,6128
320,176,2015
320,12445,4206
320,2322,34
320,89,5507
321,329865,6087
321,359724,5835
321,1171541,2617
321,12429,3972
321,810693,3413
321,281957,5765
321,663712,3911
321,603,3519
321,1064835,3975
321,601796,5578
321,62211,1716
322,550,777
322,1930,3077
322,395992,3268
322,49026,4905
322,891699,1828
322,131631,2829
322,1058694,6813
322,37135,7021
322,1014209,2624
322,335,3032
322,597922,1143
322,13475,857
322,621,7032
322,131634,5026
322,335984,6685
322,744275,3367
322,810693,3399
322,373571,5528
322,4935,1763
322,872976,3718
323,121,1236
323,281957,4327
323,739405,4311
323,68721,687
323,337404,5133
323,506517,3532
323,39108,233
323,840430,5099
323,39108,5887
323,1726,1973
323,10195,3120
323,77338,4064
323,361743,4333
323,943397,1235
323,530915,2065
323,1014209,163
323,109428,3180
324,49046,1232
324,10555,3087
324,536554,7010
324,942881,7029
324,361743,3667
324,37165,3102
324,1022796,3271
324,109451,4917
324,283995,1846
324,900667,6110
324,149,7035
324,303857,4328
324,769,1413
324,8358,4107
324,127585,2941
324,804095,5693
324,534,5146
324,872906,3272
324,665,1494
325,581528,457
325,944401,314
325,661374,1270
325,994108,4953
325,675353,1670
325,744857,3716
325,423108,716
325,456740,316
325,1366,5875
325,940721,1593
325,383498,4405
325,347201,5387
325,897066,600
325,536554,2452
325,597,3124
325,713704,4889
325,105,1565
325,792307,5871
325,524434,1007
327,1231942,4663
327,516486,4796
327,769,3479
327,190859,1326
327,429617,1355
327,645710,5782
327,605886,2517
328,361743,668
328,976893,2745
328,930564,137
328,218,1019
328,736526,2884
328,640,272
328,335787,6665
328,296096,3730
328,8275,5341
328,10527,5595
328,205584,7123
328,335,6351
328,695721,3579
328,2109,2309
329,173185,6623
329,1015908,216
329,106646,4600
329,619803,5174
329,8392,2047
329,459003,3320
329,329865,4843
329,1121575,5268
329,49051,2834
330,1058694,5840
330,940551,2787
330,9738,3324
330,685014,5266
330,616037,3576
330,920,5279
330,414906,1644
330,568124,4799
330,44833,5137
330,273481,6602
330,808,5567
330,122917,2698
330,9487,6388
330,18095,666
331,11036,3430
331,1149381,3371
331,663712,3200
331,545611,1651
331,545611,6737
331,581528,1484
331,585511,2074
331,667538,2636
333,77338,6224
333,850165,1010
333,129,6186
333,155,6788
333,534,2421
333,672,3509
333,8587,6522
333,872906,1265
333,5548,879
333,539,465
333,12445,72
333,615457,4480
334,155,6130
334,10193,3654
334,177677,5555
335,697843,4069
335,675353,4742
335,285,1924
335,80278,482
335,10009,4784
335,252,5984
336,497,4146
336,1050035,71
336,489,6363
336,674,5020
336,680,4333
336,744,7060
336,278,1359
336,767,3222
336,848187,6282
336,851644,6933
338,109451,1087
338,11,5940
338,808396,5248
338,10020,5130
338,280,3736
338,71552,6350
338,642885,2261
338,337339,7015
338,12445,3745
338,597,4422
338,10527,653
338,47971,1673
338,862557,3205
338,299537,4739
338,76492,7148
338,447365,2662
338,901362,1333
338,417859,4590
340,585511,3320
340,11228,4645
340,296096,1354
340,106646,2480
340,540841,3733
340,284054,2469
340,609681,402
340,603692,5016
340,871,1688
340,933131,4568
340,6977,5872
340,1572,7165
340,240,4429
340,736526,2367
341,44896,6000
341,524434,2928
341,1139829,3624
341,671,1005
342,9502,3154
342,447332,527
342,106646,2541
342,605886,4951
342,389,5769
342,565770,5541
342,585,4106
342,315011,4380
342,109451,2684
342,818647,4941
342,13,3428
342,166428,2281
342,791373,7175
342,961268,961
342,9502,3452
342,447277,1059
342,764,2931
342,101,6518
343,82690,2371
343,12429,5542
344,158852,6200
344,252,1365
344,459151,7184
344,779047,6217
344,508883,2600
344,661374,5261
344,50619,17
344,785084,203
344,82690,1109
344,1012201,1339
344,3933,6802
344,673593,4620
345,758323,1486
345,522627,5402
345,510,3580
345,615,191
345,278154,4130
345,466420,4369
345,554596,6949
345,177677,5735
345,400928,1694
345,8920,6751
345,502356,6597
345,12437,5528
346,954,2325
346,953,7187
346,268896,1896
346,508442,1885
346,975043,4732
346,615173,5195
346,98566,4210
346,370172,615
347,429,3724
347,39323,6303
347,10527,6835
347,48650,541
347,475557,3176
347,1076364,5699
347,4232,3629
347,228150,5540
347,458156,5811
347,284053,452
347,724495,2037
347,269149,1695
349,354912,6986
349,9539,5277
349,4935,1417
349,474350,507
349,206487,4852
350,1229958,2012
350,770,4237
350,550,129
350,101299,3936
350,169,3328
350,1231942,4134
350,500664,5055
350,1422,6694
350,912908,997
350,9373,4288
350,28209,5821
350,157336,6135
350,802219,1347
350,770,2679
350,635302,3758
350,324857,5107
350,260513,6702
351,238,919
351,19995,3604
351,818647,6422
351,6977,1269
351,615777,2110
351,646389,6955
351,372058,4395
351,713704,3390
351,131634,389
351,558144,6689
351,615457,400
351,293660,1943
351,493529,3875
351,1034062,1839
352,4011,4185
352,10528,3448
352,299534,6732
352,285,1853
352,614479,560
352,345940,4254
352,724495,2046
352,385687,6268
352,14,1371
352,615,1556
352,550988,2052
352,500664,5597
352,585083,7071
353,109451,6740
353,404368,1565
353,337167,1887
353,82023,5637
353,510,1009
354,438631,918
354,500664,816
354,68726,1408
354,14160,6291
354,698508,3408
354,1271,2807
354,785084,517
354,274855,2952
354,581528,2170
354,121,5780
354,420818,5257
354,51828,3574
354,626412,4972
354,603692,4194
355,263472,4309
355,529203,294
355,601796,4088
355,11970,5819
355,802219,5787
355,57800,3071
355,119450,698
355,1495,991
355,301528,2032
355,447362,4581
355,12092,3539
355,940241,5251
355,12444,3266
356,372058,2236
356,281338,6994
356,774825,3454
356,85,5041
356,968868,2201
356,4232,136
356,119450,379
356,9502,3684
356,9603,3874
356,810693,3088
356,447362,2563
356,299534,1388
356,1139829,3801
356,337404,6274
357,1865,4555
357,976573,145
357,18239,6135
357,121,1555
357,361743,4263
357,1076487,1998
357,9738,6289
357,948713,1915
357,1152797,5672
357,574089,2993
357,1003581,5319
357,948,5275
357,724495,1662
357,1172009,239
357,24,5310
357,8966,1227
357,125509,1991
357,8363,17
357,853387,4781
358,480530,5264
358,673,2356
358,14160,5197
358,924,6439
358,497,994
358,379686,6975
358,638974,6755
358,270946,5035
358,8966,2109
358,943134,1308
358,128,2318
358,678512,2857
358,512200,4545
358,157336,4693
358,1155089,7131
358,637649,6977
359,1265,5315
359,497,3995
359,129,1454
359,106,5945
359,8358,1575
359,420818,4710
359,372058,3694
359,453395,2993
359,1015908,161
359,264660,830
359,1075794,4125
359,808,4768
359,829560,3118
359,197,633
359,744275,6911
359,27205,1470
359,725064,6741
359,948,3825
359,878508,1338
360,567604,2273
360,436969,3557
360,6844,4361
360,1006462,4518
360,603692,366
360,715931,1096
363,2109,206
363,872585,7038
363,527774,5700
363,736526,5018
363,14160,1589
363,1003581,3940
363,120,5435
363,101299,4945
363,1212073,4334
363,89,3989
363,150540,3752
363,527774,5079
363,389,624
363,616,3849
363,792307,1196
364,4977,4423
364,838240,2946
364,906126,1355
364,438631,3323
364,9539,3300
364,1230393,287
364,14,3549
364,1135229,5694
364,370172,5898
364,1422,2243
364,916605,697
364,615656,2570
364,10191,4839
364,614934,1586
364,427641,4871
364,467407,3936
364,1012201,865
364,18239,7182
364,467407,5158
365,379686,3768
365,667,6856
365,614930,4406
365,1366,4342
365,569094,5990
365,882569,264
365,524434,6812
365,238,6919
365,1050035,352
365,137113,5946
365,12,1260
365,10895,4446
365,321612,5592
365,190859,657
365,1211957,3912
365,106646,5151
365,679,794
365,315011,3539
365,510,1353
366,980137,5815
366,1020006,2309
366,466420,3352
366,912908,1147
366,810171,145
366,10830,669
366,1156255,4766
366,263115,4711
366,839369,564
366,1139829,855
366,912908,5270
366,312221,7094
366,1495,801
366,508947,3793
367,348,6275
367,12444,1430
367,574074,4473
367,550,2623
367,348,2958
367,581726,3119
367,467407,5129
367,982932,413
367,187017,5754
367,118249,2035
367,128,67
367,240,6651
367,1366,7072
368,1121575,3170
368,18785,1123
368,924,5026
369,1061855,4404
369,177572,1863
369,1229958,5132
369,673,3281
369,12153,4337
369,111,1531
369,329865,3151
369,791373,4729
369,2322,4289
369,724495,5461
369,10184,7200
369,438631,198
369,71552,4144
369,10998,6981
370,507086,7053
370,185,1795
370,105,6898
370,508883,6111
370,563,6125
370,1267,1780
370,129,5726
370,284052,3602
370,545611,896
370,24,1576
370,10998,816
370,10681,572
370,630,2444
370,698508,268
370,516486,5140
370,80321,5218
370,1924,6710
370,379686,3513
370,2322,2739
370,19995,6542
371,833326,6452
372,918930,296
372,263472,2745
372,1151534,4761
372,296096,4428
372,414906,4707
372,621,180
373,724209,29
373,1128606,42
373,122,3255
373,13,2738
373,635910,7143
373,427641,1120
373,210577,398
373,850165,4884
373,354912,2404
373,676547,2871
373,293660,4538
373,614930,3386
373,1206029,5337
373,119450,4446
373,121,2068
373,958263,3444
373,665,6048
373,13,1860
374,717728,2814
374,585083,2066
374,73723,6522
374,1012201,7026
374,635302,3396
375,940721,4516
375,428045,6909
375,11688,2735
375,675353,621
375,12445,5614
375,8392,1317
375,634649,3862
376,299534,2625
376,500664,4045
376,299054,4779
376,1014209,1526
376,1064835,4954
376,758009,5014
376,497,4237
376,1093485,5617
376,278,497
376,106646,847
376,572802,4169
376,506517,4171
376,129,6732
376,668482,3683
376,510,5600
376,466420,877
376,13,3820
376,760774,2786
376,554596,5063
377,785084,7070
377,994108,1995
377,11224,3517
377,2062,6332
377,5548,1708
377,1151534,709
378,10144,6795
378,933131,6823
378,454626,5859
378,14836,5641
378,39108,1621
378,147441,4045
378,507089,4782
378,315011,3699
378,577922,6599
378,724495,3645
378,671,2005
378,964592,1726
378,399566,4269
378,99861,6641
378,915935,5226
379,27205,563
379,639933,6356
379,1231942,578
379,297,1711
379,876792,2467
380,438148,533
380,603661,5651
380,2109,302
380,126963,4335
380,505642,6512
380,550,346
380,49051,2285
380,10674,3501
381,447332,6221
381,597922,6300
381,564,2422
381,459003,2162
381,844416,5773
381,597922,3531
382,1237835,6213
382,46195,601
382,1071215,1468
382,575322,4076
382,128,603
382,95,2054
382,949423,1479
382,281338,6883
382,68735,3946
383,4951,2273
383,744275,4832
383,545611,6106
383,779047,2507
383,99861,6003
384,841,253
384,678512,2888
384,814776,1898
384,674,5837
384,792307,4162
384,810693,2476
384,585083,6868
384,891699,1944
384,1014590,3643
384,872585,2192
385,685014,3004
385,297802,7186
385,808,5385
385,57158,4515
385,263115,6187
385,1128606,4407
386,569094,1106
386,1040148,6677
386,934433,3264
386,986070,667
386,882569,4846
386,427641,6668
387,807,1502
387,105,3635
387,10193,548
387,335984,532
387,516486,3131
389,545609,6131
389,718930,4134
390,16859,5656
390,8392,254
390,1734,5775
390,18095,1810
390,899112,4336
390,1265,2432
391,120,3970
391,10527,4543
391,930564,1403
391,375794,1506
391,16859,6698
391,585083,2562
391,1128606,2544
392,508943,3872
392,68718,1173
392,769,4140
392,290098,1921
392,297802,3578
392,534,5683
392,429617,504
392,637649,4389
392,526896,3129
392,929,5090
392,502356,925
392,345887,6910
392,597,3847
392,400928,2580
392,13313,2089
392,679,1780
393,232672,1092
393,940721,4023
393,324786,4633
393,290098,2598
393,12,834
394,893712,1907
394,1151534,5949
394,758323,1796
394,466420,3769
394,787699,284
394,76600,2835
394,1061181,35
394,785084,4080
394,315635,690
394,810,2470
394,565373,799
394,263472,4443
395,372058,2861
395,980489,4915
395,1059345,1712
395,404368,2861
395,705996,4421
395,9339,603
395,197,6342
395,927107,4386
395,1012201,4373
395,2105,6434
395,937249,2050
395,10693,6586
395,315635,4498
395,916224,4615
395,372058,5805
395,140607,5217
395,129,349
395,260513,4042
395,350,6660
396,666277,3271
396,122,6534
396,845783,336
396,389,1427
396,529203,2289
396,345887,6145
396,353081,2380
396,713704,1048
396,955659,5490
396,602734,6596
396,961268,4166
396,146233,3955
396,807,2753
396,943134,6413
396,11,6335
396,324857,6809
396,181533,891
396,337167,5255
397,8392,4419
397,610150,4579
397,1036561,5549
397,634649,2210
397,77338,1623
397,545609,5533
397,72105,7180
397,673593,4560
397,934433,4958
398,102651,4194
398,945729,6398
398,527774,4024
398,11836,4791
398,713704,4660
398,26123,1347
398,1724,5188
398,510,973
398,85,2273
398,11836,4343
398,1056360,4554
398,283995,1553
399,290098,6656
399,830764,4600
399,206487,6287
399,10184,1780
399,845387,6683
399,259316,1703
399,1212073,5463
399,577922,1234
399,429,870
399,6479,991
399,400928,6914
399,960876,347
399,354912,1594
399,635302,5809
399,68721,3501
399,37135,3641
399,1058694,4338
399,429617,1737
399,22,1888
400,820232,3068
401,272,6396
401,2105,6947
401,9023,7105
401,140607,600
401,68718,924
401,278,6493
401,673,851
401,635302,4830
401,93456,2014
401,876792,6747
401,324857,7033
401,564,105
401,862,1752
401,68718,1469
401,726209,825
402,399579,1717
402,979275,2791
402,315162,5246
402,284053,3859
402,1012201,4730
402,98,489
402,14128,329
402,1058694,6596
402,893712,6323
402,24,167
402,615173,5170
402,569094,5574
402,624860,2726
402,800158,4838
402,901908,6450
402,467407,1119
402,862,367
402,375794,3771
402,50546,847
403,39108,4546
403,284053,5561
403,619803,7021
403,615457,2071
403,539681,3826
403,359724,6192
403,667538,4751
403,829557,2361
403,572802,3030
403,1156255,6272
403,607,4588
403,315162,6072
403,359724,4059
403,82023,3111
403,943134,6698
404,621,1512
404,1015908,6772
404,312221,6531
405,150540,194
405,1020006,5114
405,792307,331
405,652,3493
405,804150,2893
405,850165,2658
405,105,2857
405,2062,3248
405,9502,994
405,10882,1074
405,39858,6415
405,684684,711
405,353491,3006
405,614934,2333
405,238,697
405,10138,7156
405,1012201,6425
407,38055,2827
407,850880,2833
407,529203,2369
407,129,1059
407,508442,6089
407,166426,2147
407,497,358
407,872976,5673
407,1039690,4024
407,24,5094
407,4011,1295
407,850165,4161
407,438631,3656
407,311324,6499
407,574074,190
408,581726,7101
408,146233,6002
408,862,714
408,205587,4744
408,467244,2713
408,634649,724
408,1156255,1528
408,119450,7021
408,1149381,2018
408,198184,1430
408,11688,3852
408,804150,1295
409,122,2518
409,425,1355
410,791373,1117
410,10528,3113
410,39254,760
410,18095,1323
410,520763,5071
410,206647,5
410,372058,5809
410,810,346
410,2109,3303
410,635302,5885
410,1189927,3398
411,438148,2555
411,278927,4564
411,447365,5022
411,916224,246
411,1015908,7065
412,10625,1203
412,351286,2409
413,9325,6647
413,370663,708
413,666277,5757
413,10998,4091
413,7555,5267
413,1076487,5612
413,205587,2740
413,72331,5608
414,13,4406
414,335984,4179
414,665,6532
414,56292,7159
414,138832,2498
414,1015908,801
414,666277,3815
414,126963,2117
414,320288,4051
414,496450,1146
414,496450,5218
414,615,774
414,370172,1936
415,845643,4827
415,24428,4469
415,916224,1182
415,1059345,4987
415,646385,367
415,540841,6873
415,660,3715
415,948,1565
415,12155,1983
415,940241,2874
415,667,4897
415,467407,309
415,339846,4671
415,1012201,5676
415,1093485,4358
415,1265,2524
415,718930,1099
415,57158,1121
415,986070,4497
415,249397,5146
416,428045,5836
416,333339,6294
416,520763,6626
416,607,6492
416,550988,4222
416,293660,6548
416,281957,5388
416,18,1291
416,901362,2912
416,1002338,907
417,666277,3168
417,157336,5184
417,585,4253
417,296096,5064
417,845783,5800
417,14836,4447
417,8966,6432
417,1020394,5690
417,615,2460
417,414906,218
417,680,5856
417,520758,5638
417,997391,134
417,109445,1802
417,2105,211
417,1924,4591
418,35,6708
418,399566,6726
418,857,2658
418,864101,4449
418,851644,2457
418,799379,2392
418,838240,3524
418,955659,2892
418,447332,32
418,912908,2165
419,101,3963
419,569367,2571
419,695721,5060
419,920,551
419,919207,6946
419,38,3833
419,866398,1853
419,845387,660
419,12,1762
419,680,5713
419,810,163
419,640,2539
419,8358,987
419,296096,311
419,2105,2271
419,791373,2665
419,260346,3460
419,348893,4208
420,842675,5459
420,872906,5140
420,1050035,810
420,446893,2840
420,1022796,479
420,785084,5302
420,438695,6392
420,159824,272
420,2062,2880
420,577922,2441
420,10191,6109
420,1014590,912
420,12,2412
420,8392,2132
420,315011,2207
420,10895,700
420,155,527
420,218,2894
420,259693,2638
420,53182,187
421,81774,5896
421,901362,2306
421,11324,6102
421,346910,4127
421,1014209,474
421,661374,4024
421,843617,2811
422,615457,3089
422,10830,6320
422,228150,5246
422,399579,5747
422,1074049,4793
423,634649,6763
423,679,1237
423,667538,5843
423,260514,740
423,724495,5783
423,400535,4592
423,943134,1257
423,850165,6425
423,906126,274
423,9552,248
423,68718,3815
423,370172,7044
423,1168709,842
423,375794,2678
423,131634,2954
424,76341,2737
424,752623,2989
424,1071215,4892
424,581528,3391
424,61791,6131
424,128,4289
424,876792,238
424,614930,2793
424,11,3304
424,44896,493
424,354912,1778
425,1015908,2149
425,637649,456
425,983507,2053
425,156022,5710
425,497698,3834
425,10895,2506
425,619803,249
425,940721,2411
425,945729,3702
425,338970,6708
425,679,3060
425,872906,2604
425,674,6779
425,10144,5073
425,338970,5100
425,850165,3069
426,293167,6462
426,8413,2380
426,475557,1051
426,838240,5734
426,4488,3904
426,12,3274
426,1579,4133
426,424,4104
426,190859,5477
427,568124,2479
427,370172,1785
427,395992,1074
427,125509,7198
427,716263,815
427,764,3482
427,150540,6418
427,502356,1369
427,13475,7081
427,210577,5287
427,804095,3141
427,102382,7094
428,1174725,6993
428,11036,882
428,37165,2163
428,242,3753
428,105,2153
428,296,1291
428,177677,2679
428,953,3753
428,871,2752
428,569094,6043
428,529203,79
428,646389,4028
428,693134,2933
428,62,3674
429,961323,4917
429,715931,5692
429,399566,6225
429,10020,6441
429,8587,3317
429,1036561,6535
429,427641,953
429,1865,4839
429,297802,4735
429,955916,930
429,75656,1585
429,370663,4710
429,75656,4062
429,242,1988
429,810693,1641
429,78,5375
429,857,4051
429,87101,1985
430,399579,631
430,269149,2701
430,129,4117
430,464052,7131
430,520763,2730
430,14160,4797
430,259316,5850
430,705996,4312
430,438631,3444
430,585083,2760
430,335983,3265
430,62177,4466
431,807,6327
431,129,478
431,9539,5138
431,354912,332
431,268896,1560
431,8275,2375
431,9453,864
432,851644,3751
432,1422,3688
432,926393,6424
432,1103825,1515
432,122917,1020
432,75656,3025
432,574074,3617
432,666277,6779
432,842675,377
432,1149381,3656
432,91314,1294
432,1128606,732
432,119450,5814
432,9341,727
432,1029575,6042
432,297802,5790
432,520763,4774
432,635910,6724
433,1076487,1328
433,10191,4364
433,968868,1655
433,296096,5653
433,335983,3050
433,554596,3138
434,34851,526
434,507089,4690
434,949,2602
435,693134,61
435,89,2593
435,87101,2896
435,13,6165
435,11544,6047
435,839369,2780
435,767,3446
435,744857,4620
435,347201,296
435,635910,5145
435,1014209,5153
435,845783,3939
435,297802,6425
435,446893,3617
435,246655,6825
435,10020,1846
435,497698,6004
435,569094,4954
436,73723,6574
436,259693,1673
436,259693,5542
436,385687,5410
436,1128606,857
436,6844,2899
436,554596,5756
436,116776,2632
436,294254,1089
436,1056360,4029
436,299537,58
437,259693,865
437,1049951,6279
437,10830,2772
437,766507,5349
437,58,1492
437,423108,4683
437,804095,6677
437,609681,2771
437,603692,6517
437,505642,3485
437,715931,2653
437,396535,3651
437,1058694,6229
437,179387,4773
437,823482,372
438,530385,3967
438,11,5804
438,665,1288
438,272,6368
438,603,4182
438,489,4687
438,818647,5204
438,497,980
438,454626,616
438,1265,1305
438,871,2530
439,635910,5894
439,120,1533
439,955659,547
439,447362,4796
439,718930,6775
439,493529,2882
439,12092,7085
439,1007826,3733
439,1924,792
439,1211957,4190
439,14160,258
439,857,4859
440,155,4270
440,680,6546
440,185,6968
440,900667,1324
440,574074,6022
440,785084,5311
440,466272,294
440,185,788
440,114,2404
440,438695,3502
440,760774,6497
441,994108,6161
441,379686,6203
441,1128606,60
441,10625,3097
441,72190,2220
441,994108,1881
441,18785,2657
442,569094,7048
442,507089,5574
442,540841,7162
442,1053544,2743
442,272,3044
442,744857,4340
442,1734,2041
442,675353,5728
442,343611,6688
442,453395,1154
442,12445,4532
442,882569,6893
443,862557,1006
443,585511,2905
443,872585,6192
443,772,1882
444,684684,3377
444,838240,1363
444,944401,7084
444,919207,4508
444,602734,6215
444,272,186
444,13,599
445,1072342,2718
445,739405,3427
445,129,622
445,955659,555
445,11,6572
445,38757,2706
445,238,730
445,12153,4065
445,447362,6589
445,337167,361
445,457332,1887
445,1212073,1579
445,338970,3454
445,10625,3833
445,338970,2312
445,11224,5315
446,986070,4032
446,137113,2533
446,799379,4496
446,259693,4922
446,508883,6616
446,360920,2028
446,166428,4730
446,843380,573
446,62,1806
446,438631,2296
446,290859,255
446,370663,2562
446,876792,2751
446,61979,4705
446,100042,5427
446,1093485,568
447,620705,3753
447,561,382
447,813477,3345
447,263115,4326
447,577922,5311
447,245891,4226
447,955659,135
447,46195,918
447,8392,4926
447,263115,5701
447,919207,5045
447,209112,2701
447,804095,4824
447,457332,1386
447,114,3952
447,510,2143
448,359724,5658
448,214756,6992
448,1229913,1138
448,12445,333
448,635910,646
448,122917,2538
448,476669,2142
448,209112,1648
448,106,674
448,8587,6793
448,610150,3189
448,22,6270
449,736526,2770
449,807172,6082
449,940551,6853
449,790462,1647
449,360920,4343
449,1000475,1620
450,948,3491
450,359724,4306
450,22,3087
450,459151,1447
450,1008148,4975
450,61979,2830
451,1075175,1012
451,420818,2232
451,807,2633
451,603692,2259
451,10191,6468
451,9769,1874
451,955659,5782
451,645488,4937
451,597,4861
451,872585,728
451,673593,1950
451,9769,1084
451,770,6906
451,12155,6782
451,842675,6805
451,569094,4811
452,447362,2525
452,453395,17
452,823482,4971
452,1157049,7167
452,1128606,79
452,27205,6195
453,299534,6927
453,520763,4933
453,16859,2025
453,24428,4893
453,530385,3975
453,37165,1450
453,679,6863
453,79443,5585
453,921636,402
453,8413,1269
453,2109,5946
454,467407,2196
454,705996,128
454,324857,3726
454,791373,1849
454,487047,2941
454,16869,168
454,122917,2072
454,447277,3215
454,36647,6117
454,804095,5591
454,626412,3157
454,522938,4497
454,260514,2582
454,674,189
455,640,2367
455,610150,2388
455,114,3713
455,569094,3610
455,337404,6761
455,320288,2522
455,2109,5053
455,127585,2295
457,109428,5271
457,10184,7200
457,389,6859
457,419743,3813
457,10555,1517
457,9426,3330
457,616,3635
457,438631,4954
457,324857,1711
459,335,2277
460,1075794,3998
460,791373,3751
460,727209,5495
460,159824,4934
460,297762,5689
460,953,3572
460,297802,5756
461,44896,2102
461,1724,2711
461,13313,3495
462,95,2423
462,872585,1399
462,205596,6465
462,850165,5595
462,943134,6469
462,240,5380
462,272,1400
463,8413,6098
463,975902,1396
463,713704,2903
463,436969,1717
463,10020,3515
463,1724,984
463,11,4672
463,232672,3754
463,350,6054
463,1214314,7162
463,335984,2837
464,389,882
464,1422,4527
464,764,202
464,424,633
464,603692,2403
464,19995,4597
464,603,477
464,949423,2679
464,122,4140
465,37165,2402
465,951491,4957
465,857,3326
465,10895,2465
465,458156,6692
465,359724,6440
465,197,6704
465,872585,2360
465,14128,3441
465,9603,4328
465,156022,6975
465,408,4640
466,527774,2747
466,155,3122
466,928833,4240
466,1083862,3161
466,315011,6172
466,177572,3730
466,1237835,4156
466,1083862,4488
466,534205,6661
466,315162,3718
466,979924,1131
466,321612,3325
467,301528,2066
467,1701,2191
467,916224,3706
467,131631,6903
467,474350,344
467,1029575,1771
467,1061181,2644
467,562,3386
467,899112,672
467,24428,5660
467,278,1781
467,744276,2970
467,24428,4109
467,324852,3981
468,872585,169
468,1007826,855
468,1030987,2131
468,290859,3199
468,49444,5837
468,550,180
468,864101,6336
468,856289,5873
468,27205,3081
468,290098,6213
468,173185,3812
468,301528,4266
468,370172,4066
468,1172009,4300
468,101,6749
468,693134,383
468,263115,4639
468,82023,6741
469,785084,4324
469,106,506
469,324852,368
469,389,4863
469,120,1017
469,124905,5145
469,1058694,6825
469,122917,1374
469,429,2415
469,1155089,3149
469,1724,1221
469,438631,3291
469,864101,6893
469,1014590,1675
469,294254,6451
469,565770,2783
469,1012201,6392
469,937746,658
470,8363,3444
470,12429,7041
471,615777,3268
471,968868,5839
471,447362,3453
471,652,1484
471,948,5534
471,372058,4584
471,889675,3838
471,928833,1476
471,854,987
471,614934,2902
471,18,1136
471,614934,4642
472,10192,4721
472,976573,4646
472,106646,962
472,615777,1395
472,580489,1473
472,924,185
472,982932,6363
472,968051,5980
472,264660,4127
472,111,1949
472,693134,5971
472,218,785
472,95,6940
472,13,1382
472,626412,5038
472,785084,4614
472,792307,4868
473,2322,2250
473,949,1081
473,207703,7060
473,843794,3827
474,581528,2772
474,10607,1549
474,605886,2886
474,945937,4570
474,297762,10
474,779047,1899
475,601796,5824
475,337167,5260
475,7305,4312
475,438631,3817
475,82702,2895
475,157336,6050
475,581528,3057
476,550988,2345
476,736526,684
476,1232289,1638
476,353491,946
476,10998,6405
477,594,5176
477,346672,2806
477,1000475,6736
477,675353,264
477,823482,4904
477,114,5270
477,601796,2796
477,732459,2336
477,1003581,4298
477,845387,5876
477,449443,5191
477,621,5811
477,631842,760
477,400160,6590
478,408,5882
478,10830,2836
478,673593,351
478,449443,5779
478,1012201,7146
478,678512,4949
478,93456,5767
478,122,7041
478,760104,3940
478,263115,6566
478,808,1886
478,1171541,2374
478,489,6279
478,512200,1865
478,802219,4247
478,155,7073
478,840382,7077
479,4977,5901
480,271110,521
480,848326,4038
480,361743,4554
480,1151534,3367
480,809,607
480,497,1405
480,675,1435
481,672,3170
481,146233,2725
481,863,6379
481,82702,3414
481,400928,6553
481,857,2662
481,1172009,1497
481,572802,3066
483,2322,4985
483,4951,4462
483,976893,1728
483,739405,1689
483,293660,2991
483,372058,6394
483,862557,1349
483,672,6426
483,581726,6052
484,436969,280
484,530915,5714
484,38055,1373
484,949423,6348
484,48650,7064
484,207703,3227
485,840430,301
485,449443,4945
485,872585,6331
485,493529,5173
485,336843,3326
485,389,1695
486,585,3888
486,205587,5581
486,438695,4947
486,185,269
486,1267,3659
486,1061855,2287
486,10895,6534
486,900667,5207
486,1930,1155
486,315162,3367
486,1178734,484
486,489,2756
486,116776,1865
487,56292,4167
487,863,5812
487,853387,4332
488,205596,6299
488,807,2588
488,290098,1676
488,844416,3822
488,111,4465
489,954,4547
489,131634,5386
489,715931,397
489,259693,1387
489,640,217
489,559,6163
489,1034062,5310
489,949423,6573
489,545742,7031
489,372058,385
489,772,484
489,11036,4048
489,263472,2319
489,948713,1781
489,424,3275
490,496243,2376
490,399579,4224
490,72105,3147
490,345887,2848
490,930564,3144
490,14,2156
490,50620,4733
491,966220,3136
492,68721,1646
492,38,4981
492,121,6765
492,642885,3086
492,670292,3224
492,693134,5121
492,10681,6023
492,508442,1013
492,10229,2386
493,945729,2363
493,122,180
493,955659,3965
493,1149381,2423
494,807,4187
494,614479,2712
494,540841,4286
494,39323,3158
494,205596,5120
494,269149,5404
494,8413,1191
494,480530,375
494,62211,327
494,680,5455
494,677179,5277
495,767,4780
495,602223,2063
495,1157049,6996
496,425,324
496,1015908,1227
496,866398,3311
496,574089,6
496,61791,2398
496,48650,6221
496,545611,6732
496,635302,6144
496,263115,3422
496,436270,1098
496,284052,6315
496,915935,425
497,27205,1243
497,121,3243
497,766507,4874
497,10528,810
497,185,6112
497,812225,4114
497,228150,4212
497,930564,3160
497,3933,2191
498,635302,4794
498,16869,3574
498,1157049,3661
498,263115,3512
498,466420,627
498,424,3782
498,1075175,4115
498,278,1706
498,534205,2429
498,637649,2370
498,6479,1277
498,949,617
498,840430,4169
498,447365,5956
498,1187998,1905
498,4488,197
498,510,2169
498,2062,4819
498,810171,4173
499,840326,658
499,330457,4593
499,120,1371
499,512195,3778
499,1003581,2288
499,976573,6623
499,502356,4137
500,218,2372
500,348893,1337
500,809,1293
500,866398,3088
500,76341,4376
